Open,High,Low,Close,Volume,VWAP
144.64,151.75,129.04,143.85,680277,144.84
343.33,356.71,333.9,339.46999999999997,104922,345.05
212.42,222.1,207.86999999999998,203.11999999999998,563144,210.84
169.4,177.77,166.08,165.86,152335,172.45
251.9,259.06,245.25,252.78,905983,252.85
420.58,432.46,401.78,421.60999999999996,250453,417.85
256.84,268.34999999999997,249.97999999999996,253.96999999999997,999751,258.2
400.31,403.54,380.55,399.26,417817,393.27
150.19,159.62,140.49,159.5,987963,151.84
409.11,420.18,405.53000000000003,406.66,122948,411.92
194.77,206.18,176.95000000000002,189.93,716552,192.62
370.96,375.15999999999997,361.75,365.83,159072,364.86
326.31,341.16,312.12,325.47,429704,323.7
471.66,472.16,451.99,476.85,837609,467.09
254.93,262.03000000000003,253.93,249.05,757846,252.99
126.47,142.07,124.53999999999999,130.66,166691,133.2
107.66,118.94,93.25,98.08,765442,102.99
430.74,435.96000000000004,425.1,429.12,989213,432.3
309.89,323.78999999999996,306.2,315.40999999999997,446249,315.8
410.1,421.45000000000005,409.31,406.87,107086,410.69
193.77,209.69,193.33,195.04000000000002,489962,195.14
238.03,252.73,222.54,232.13,692141,235.79
112.04,124.24000000000001,109.35000000000001,116.88000000000001,464069,113.41
484.6,494.36,475.25,475.65000000000003,432171,479.83
367.15,369.81,355.03,374.2,378060,365.69
473.28,478.51,464.71,467.23999999999995,901680,468.85
206.2,214.57999999999998,205.66,213.69,910658,208.92
344.59,356.58,328.91999999999996,341.64,863210,340.86
371.4,381.66999999999996,371.19,375.84999999999997,672668,378.49
227.02,232.78,211.78,223.4,894280,225.01
439.24,439.37,421.37,447.36,638562,440.23
478.86,488.78000000000003,470.2,471.39,416689,476.27
453.94,459.65,443.23,447.51,884403,450.41
395.63,410.32,386.09,395.49,196494,399.44
210.99,211.47,203.21,202.63,215981,202.51
212.65,224.35,194.9,206.57,266305,210.01
485.34,504.16999999999996,467.46,494.21999999999997,116304,491.78
104.11,107.6,97.39,113.64,373438,105.18
386.42,395.85,374.12,383.95,388569,387.34
382.5,384.33,363.96,390.97,824071,384.99
349.08,361.59,329.84,349.97999999999996,210777,348.98
496.04,507.05,485.86,491.43,502641,495.63
224.75,232.9,215.69,228.8,715837,223.86
235.99,246.42000000000002,230.42000000000002,239.17000000000002,717752,240.86
131.58,149.51000000000002,112.4,141.36,731036,133.07
277.12,281.05,274.26,272.42,566962,276.3
204.42,204.86999999999998,192.82,207.85999999999999,954727,203.39
237.35,254.57999999999998,231.7,228.39,902523,230.65
433.83,445.37,428.25,426.09999999999997,354174,433.34
474.19,492.0,466.09,464.27,755362,478.38
174.29,186.23,154.31,184.28,353890,171.69
249.0,265.2,247.9,255.05,674699,255.84
471.45,480.03999999999996,459.88,477.18,534174,468.95
124.72,139.72,123.07,124.91,358901,127.01
136.94,155.2,133.85,132.94,195696,136.03
165.12,176.56,156.33,158.15,776067,163.45
338.09,341.71,327.88,333.78,770608,335.98
160.19,165.57,155.01,157.71,695597,160.08
487.23,491.20000000000005,480.90000000000003,492.36,833682,486.71
278.69,283.63,276.95,279.48,770397,278.75
300.61,306.74,294.55,292.16,167421,297.8
198.66,209.76,179.32999999999998,189.01999999999998,336436,190.54
288.38,300.14,269.49,280.43,575083,280.4
364.77,373.29999999999995,358.07,362.97999999999996,402756,364.12
400.47,412.78000000000003,389.05,409.13000000000005,581247,402.31
401.55,403.18,383.36,404.3,637738,398.51
331.16,332.92,331.04,337.20000000000005,109491,336.67
461.74,465.18,445.53000000000003,461.07,217026,462.84
426.96,437.32,407.99,424.19,174804,423.95
402.82,407.09999999999997,400.99,394.99,611662,401.71
122.24,127.91,119.00999999999999,129.76,979725,124.78
102.75,110.76,83.53999999999999,108.41,743786,100.58
184.98,201.22,174.23,178.34,862803,186.54
365.41,365.69,365.13000000000005,365.66,991907,364.96
264.48,277.47,259.33000000000004,264.23,914746,266.88
260.96,274.34,251.95999999999998,263.46,938315,265.72
453.83,469.8,439.96999999999997,462.75,587335,457.49
458.23,476.89000000000004,443.57,459.83000000000004,449230,463.07
463.67,464.07,443.76,464.47,820989,459.28
225.55,228.63000000000002,219.8,216.56,463435,222.06
376.42,394.14,365.66,367.68,342223,373.72
208.65,217.82,197.98000000000002,202.4,634255,206.72
176.24,187.53,168.13,166.89000000000001,312826,172.6
173.85,187.10999999999999,170.47,178.72,405364,179.7
236.84,250.42000000000002,217.29,241.31,829523,236.63
271.98,290.61,254.91000000000003,264.70000000000005,794779,271.47
432.38,452.32,422.40999999999997,439.1,418275,438.0
147.96,162.36,135.9,141.06,581930,149.98
393.97,399.71000000000004,389.42,389.99,128876,392.18
312.58,330.18,301.7,307.56,843804,311.52
215.18,216.16,201.28,212.63,987880,210.98
297.13,301.75,286.83,292.21999999999997,775331,295.62
219.98,237.92999999999998,200.17,219.76,329192,221.47
338.43,343.55,326.2,336.58,411372,335.89
273.54,277.95000000000005,266.12,283.27000000000004,354767,277.21
165.76,168.51999999999998,150.32,156.88,960927,159.09
146.63,163.81,143.22,139.47,352313,145.74
318.68,328.68,310.99,309.74,128261,317.85
460.97,474.47,454.03000000000003,463.49,206601,461.43
237.58,242.36,228.94,228.67000000000002,161260,230.71
393.2,408.36,377.56,399.93,598214,395.86
363.46,378.65999999999997,353.78,363.7,574587,364.57
472.62,478.87,456.74,473.16,496562,471.54
428.39,436.59999999999997,416.86,429.62,589170,428.78
326.64,330.83,319.8,320.06,680464,323.49
362.81,382.34000000000003,346.61,356.76,414444,359.14
459.35,472.26000000000005,454.58000000000004,455.73,242412,460.4
259.81,278.5,255.32,261.68,617561,264.71
230.72,236.79,220.63,224.92,919444,227.64
104.32,119.96,99.1,96.64999999999999,790753,103.52
430.62,445.94,430.44,440.02,726441,439.97
420.39,434.21999999999997,407.41999999999996,410.83,568349,416.13
141.78,161.09,131.56,147.83,959705,147.79
330.74,338.61,321.83,336.5,998760,334.32
285.59,288.2,266.25,281.53,996736,277.88
147.48,160.91,136.06,140.19,468781,143.62
492.23,506.82,474.96000000000004,485.14000000000004,772636,489.54
185.88,197.38,183.09,189.82999999999998,416783,187.43
126.89,131.03,115.51,129.75,484083,128.09
337.94,348.03,320.58,343.59,631598,338.04
395.55,401.79,383.89,404.3,790527,397.19
112.98,121.53,98.62,116.82000000000001,465088,113.87
363.49,376.39,356.05,356.61,578096,363.34
312.92,327.82,311.07,307.79,765751,314.8
141.31,145.95,132.15,148.15,222013,144.45
169.01,177.12,161.12,163.2,281693,165.41
327.19,332.57,309.85,318.64,766252,321.61
218.54,222.51,213.66,222.60999999999999,963165,217.74
475.33,491.0,456.0,473.38,833946,474.47
427.5,445.69,408.34,435.9,538895,429.91
493.43,500.83,488.48,496.44,272687,492.75
203.87,218.9,196.91,195.68,278625,203.53
487.89,505.83,469.97999999999996,496.84999999999997,209264,491.41
272.49,289.41,253.16000000000003,267.66,703359,266.75
239.01,242.67,230.14,235.75,796362,231.92
120.14,139.27,113.72,118.19,484755,122.87
121.11,128.64,110.59,112.13,170658,119.86
376.8,383.58,363.04,376.73,634140,375.32
283.17,284.42,277.7,275.64000000000004,367531,277.56
190.61,200.33,175.88000000000002,188.63000000000002,489715,190.48
345.59,347.77,344.56,342.59999999999997,983727,346.55
201.14,206.10999999999999,200.14999999999998,206.6,754669,207.06
331.05,337.39,323.32,337.11,402138,334.42
243.68,259.86,236.61,236.75,334484,245.41
429.42,446.93,423.11,426.75,479056,433.17
428.28,434.33,418.46,425.75,526941,425.18
290.94,308.11,284.53,283.96999999999997,828042,288.11
240.33,257.47,236.48000000000002,246.3,755920,245.66
245.02,260.31,238.83,249.16,486354,251.62
422.29,425.22,402.79,416.1,942997,414.08
231.27,245.08,223.05,228.60000000000002,363456,231.59
183.62,202.52,174.73000000000002,175.74,488026,181.14
133.88,147.53,122.35,136.44,187566,134.44
286.68,293.31,267.01,279.11,383473,279.72
292.85,302.86,288.02000000000004,302.57000000000005,334750,299.28
436.36,449.27000000000004,422.73,441.97,954619,437.47
188.5,198.71,174.18,186.3,699830,185.33
252.4,254.8,240.25,253.97,208237,251.79
423.36,429.6,421.59000000000003,431.59000000000003,619904,428.64
429.45,445.5,415.90999999999997,430.53,476620,431.53
253.84,271.07,252.56,247.33,397789,259.08
283.65,286.4,271.72999999999996,281.21999999999997,187502,278.92
221.31,240.36,206.52,228.17000000000002,586598,225.23
473.02,479.59999999999997,468.79999999999995,475.9,449454,475.98
147.46,160.71,130.63,150.47,956051,145.85
473.5,488.54,472.89,480.84,919945,481.22
373.55,389.79,356.67,381.43,633037,376.55
312.63,331.54,303.42,321.03,786143,324.45
113.06,119.32000000000001,108.71000000000001,104.96000000000001,684933,110.59
290.24,307.41,287.56,291.12,313933,297.25
263.1,265.73,244.03000000000003,267.91,153175,261.75
164.49,178.59,163.04000000000002,169.63,248395,168.03
362.56,377.4,358.58,364.69,150762,363.57
488.46,502.01,481.5,481.79999999999995,688510,488.27
324.88,329.93,312.48,330.83,527709,327.57
385.9,403.35999999999996,375.0,390.29999999999995,289400,390.2
127.38,130.76,124.86999999999999,119.1,355539,124.49
267.07,268.14,261.28,266.34999999999997,112213,264.8
146.54,160.89,141.76,140.01999999999998,721655,144.16
345.12,354.63,340.85,341.87,802290,343.47
475.39,492.37,467.16999999999996,465.75,258785,470.92
364.71,372.38,350.63,362.71999999999997,731445,359.78
130.72,134.09,126.37,131.72,853696,129.77
241.87,258.6,234.54,244.26,132583,247.2
320.27,331.25,312.45,323.53999999999996,753080,321.64
261.28,265.05999999999995,241.74999999999997,268.01,179944,259.76
433.46,447.87,414.37,427.77,122369,430.05
425.87,436.09000000000003,409.87,418.28000000000003,803288,422.1
344.73,356.82,339.90000000000003,351.76,119510,347.65
249.38,258.6,248.01999999999998,242.51,112120,251.11
202.13,218.7,195.79,211.63,724135,206.18
142.35,158.94,137.01,149.2,722863,147.57
241.96,256.15000000000003,231.84,241.98000000000002,491413,243.15
265.27,267.38,249.71999999999997,274.9,367439,266.61
370.33,387.11,353.15999999999997,362.28,644748,369.75
363.26,376.68,346.36,359.32,639251,362.18
128.04,141.98,120.85,130.79999999999998,963548,134.0
258.1,265.36,244.36,255.10000000000002,651616,253.3
172.71,190.3,166.45000000000002,181.28,971061,181.92
162.73,177.23999999999998,161.51,154.04,224034,165.28
430.92,433.17,416.89000000000004,431.91,645893,422.99
116.77,124.92999999999999,116.57,118.58999999999999,997333,119.45
267.67,285.40000000000003,259.49,270.72,275885,272.96
167.28,168.22,160.69,162.39000000000001,277443,162.6
451.73,470.96000000000004,437.86,449.02000000000004,732529,450.08
322.82,336.4,307.5,329.69,934030,329.27
192.55,205.18,186.47,186.45000000000002,291848,192.3
300.97,306.38000000000005,284.74,307.51000000000005,354289,300.62
392.59,397.57,386.71,393.84,958690,390.2
483.25,502.09,474.32,488.49,927401,487.09
188.18,194.15,173.64000000000001,192.45000000000002,792272,185.52
454.47,469.98,440.61,448.62,269446,454.78
473.72,481.58000000000004,453.97,475.1,827662,471.71
466.57,469.36,462.07,473.92,162784,467.86
354.17,354.38,340.92,352.81,121274,350.84
351.93,362.82,339.74,361.26,754282,354.76
261.28,280.79999999999995,242.97999999999996,260.32,920848,261.73
400.96,408.34,397.83,393.82,317220,399.84
312.52,319.65999999999997,297.47999999999996,310.31,816358,310.11
370.98,377.86,359.61,380.01,462578,373.84
271.38,281.79,265.89,267.77,343768,272.25
392.6,401.41,383.11,399.96000000000004,536572,397.85
429.79,447.39000000000004,423.11,437.42,792494,437.4
158.57,168.68,146.98,155.57,560258,156.25
433.17,443.33000000000004,415.39,424.84000000000003,937742,427.36
316.12,318.89,304.73,320.61,967190,317.79
437.87,457.52,425.24,434.1,243435,438.69
272.52,277.52,262.15,278.18,578365,272.42
251.62,253.09,250.6,250.47,917060,250.03
466.02,479.28,461.35999999999996,465.72999999999996,604136,469.03
200.47,212.38,190.63,206.03,169672,201.61
437.68,445.98,431.48,435.33,670534,439.94
293.61,302.05,289.97,292.47,594209,292.52
305.64,321.34,295.56,303.15999999999997,713398,309.29
223.39,227.29999999999998,216.92999999999998,220.73999999999998,585654,220.99
329.22,345.63000000000005,324.06,329.74,364954,330.65
230.08,243.05,220.8,236.26000000000002,815220,234.04
115.71,124.08999999999999,113.03999999999999,112.94999999999999,308271,114.41
208.8,217.96,190.25,209.29000000000002,695976,206.25
102.55,107.67999999999999,85.19999999999999,105.96,951980,99.09
491.34,506.38,477.19,486.72999999999996,817723,491.65
486.3,496.56,484.18,481.85,373306,487.24
258.06,264.48,242.54,266.73,974290,256.42
391.35,403.27000000000004,375.19,395.82000000000005,697823,390.67
238.32,258.23,222.95999999999998,239.85999999999999,500435,241.71
368.44,377.15,366.16,371.39,695152,374.12
422.17,440.58000000000004,409.29,412.76,758981,419.97
478.7,485.59999999999997,462.01,481.06,218371,474.62
260.08,261.16999999999996,248.52999999999997,260.27,714080,259.13
413.32,417.4,400.39,414.23,799793,412.43
206.37,214.74,197.20000000000002,203.56,613214,207.62
496.13,500.52,485.56,487.76,570066,491.51
110.31,110.31,109.62,104.18,881704,106.61
341.41,359.71000000000004,328.63000000000005,350.42,166188,347.7
363.8,380.68,362.17,361.97,286023,368.3
375.22,390.07000000000005,366.52000000000004,374.55,968150,375.65
148.16,151.52,142.31,139.21,862476,144.23
475.41,477.82000000000005,464.5,466.16,660846,468.77
172.47,173.82,169.8,176.81,228938,175.3
349.1,363.58000000000004,335.27000000000004,349.86,246731,350.58
189.07,207.64999999999998,173.17,189.23999999999998,920845,187.84
222.89,231.5,219.61999999999998,217.75,896867,220.13
318.58,320.96,316.49,323.47999999999996,874560,320.45
266.88,277.13,263.96999999999997,260.24,652355,266.49
164.09,171.07,146.55,157.89000000000001,712082,159.96
168.37,175.87,157.81,167.58,980255,168.16
267.26,279.69,257.90999999999997,262.99,955656,269.39
402.91,417.28000000000003,400.78000000000003,397.86,566441,403.63
459.19,461.4,446.2,462.09,625667,456.07
133.65,134.36,116.29,136.67000000000002,464691,127.94
257.24,277.13,240.68,263.73,732829,262.33
140.1,144.75,127.58,138.45,520840,137.12
106.64,107.72,105.13,98.1,584716,99.39
364.69,368.49,362.44,360.16,843787,363.75
340.98,341.76,339.99,350.58000000000004,738922,345.29
165.21,173.05,160.06,167.14000000000001,877867,166.5
193.53,209.58,190.82,197.72,419889,199.8
109.48,116.30000000000001,104.28,99.63000000000001,728203,103.59
433.98,442.86,426.28000000000003,434.34000000000003,614031,437.76
489.88,503.39,471.02,480.63,505732,485.34
154.18,164.36,141.97,155.56,834782,150.58
192.59,209.82,175.89000000000001,201.01,316915,196.11
447.36,464.68,433.15000000000003,456.73,753848,452.85
470.59,470.78999999999996,468.34,471.4,255915,468.07
267.85,283.41,253.13000000000002,267.01000000000005,236984,268.83
120.25,129.46,114.75,129.15,776874,128.28
115.76,135.54000000000002,102.98,119.23,318431,117.96
329.58,339.24,322.76,320.88,812392,327.81
257.16,276.90000000000003,237.21000000000004,256.47,761809,257.24
111.46,126.55,106.19,106.25999999999999,232797,114.26
333.3,338.27000000000004,327.72,332.7,967838,332.66
104.52,115.28999999999999,85.91,103.63,109304,99.68
414.95,434.78999999999996,414.46,416.59,225555,423.22
222.57,239.72,208.64,219.70999999999998,506879,220.38
116.1,118.05,101.58999999999999,109.39,432464,113.27
335.34,349.46999999999997,318.60999999999996,335.40999999999997,623277,335.71
259.07,265.98,239.57999999999998,265.67,568224,256.74
489.52,489.65999999999997,470.01,492.79999999999995,194488,487.24
317.68,325.75,316.37,314.45,358490,318.4
210.1,214.79999999999998,193.66,218.81,437735,209.62
383.78,400.15999999999997,370.84999999999997,392.02,457188,386.75
208.6,215.35,195.65,202.79,768036,200.66
461.7,478.25,459.13,452.49,911624,463.42
249.89,249.89999999999998,236.89,254.72,885890,244.67
319.95,326.11,300.3,326.5,762806,316.94
120.23,125.05000000000001,101.99000000000001,129.59,481448,120.81
270.45,275.12,261.67,278.25,840957,271.34
432.95,434.31,432.15,434.96,606289,434.24
422.26,426.0,415.01,422.86,712495,419.02
189.73,200.83999999999997,173.2,180.29,812992,183.63
190.43,196.26000000000002,176.4,185.36,298017,186.27
426.92,435.27000000000004,417.73,426.11,698029,424.44
472.16,479.70000000000005,471.06,474.73,116365,478.49
138.14,155.66,129.6,139.29,952224,140.02
280.02,298.13,270.64,284.87,820217,287.34
234.98,244.83999999999997,216.41,230.57999999999998,871769,230.27
448.28,454.88,435.46,449.58,771064,443.8
133.41,135.54999999999998,127.17999999999999,125.17,937007,126.61
184.45,203.51999999999998,173.94,182.72,260974,186.68
400.99,402.19,399.67,405.99,332366,405.02
120.52,126.47,101.07,124.39,494411,121.56
297.01,302.96999999999997,289.81,306.82,350319,300.82
276.84,283.25,267.28,272.4,939949,271.76
233.76,237.04999999999998,226.64999999999998,233.72,134012,233.15
257.83,273.49,244.17999999999998,254.42,766775,255.42
311.98,314.43,298.74,310.79,532750,309.05
164.55,177.25,150.24,171.69,645974,165.04
328.8,331.28000000000003,323.44,332.48,832558,325.23
422.17,423.58000000000004,415.86,429.82,607730,426.39
404.06,422.25,401.55,398.13,784103,405.94
161.56,165.36,148.45,169.03,132161,161.85
159.7,176.13,158.89999999999998,150.89999999999998,554529,162.86
207.27,218.16000000000003,195.32000000000002,215.04000000000002,347066,213.82
244.43,245.99,227.04000000000002,241.01000000000002,863977,239.75
263.38,282.49,245.56,259.67,364546,262.49
371.88,376.82,362.9,372.12,163190,371.69
122.67,139.86,113.48,131.48,346256,128.0
113.87,117.25,112.33,104.83000000000001,375419,110.88
256.76,273.84,243.34,253.79999999999998,783542,256.96
378.87,379.13,362.44,386.0,639203,375.3
177.37,187.61,172.48000000000002,175.29,363053,178.19
356.6,371.99,348.17,350.58000000000004,165908,357.01
203.93,222.63,187.15,202.43,227337,204.94
454.43,472.61,436.89,452.14,909052,454.58
458.28,474.66999999999996,453.41999999999996,466.59,134112,462.38
218.91,236.67,207.9,224.15,829411,225.49
192.0,195.98,188.15,192.1,102431,194.37
264.52,270.2,262.47999999999996,274.28999999999996,186590,269.33
196.21,201.99,177.99,195.52,948607,193.11
368.95,376.49,352.53999999999996,360.11,741760,362.32
430.43,438.3,415.23,425.68,394768,427.83
369.24,380.13,368.26,367.96000000000004,307193,370.07
429.74,432.94,412.87,422.88,161264,425.58
258.8,272.62,250.04000000000002,267.75,787318,265.3
162.53,165.88,155.68,167.87,462355,165.07
395.18,401.39,384.25,390.55,743790,391.7
244.19,254.26,242.35999999999999,246.01,543148,244.56
368.51,384.44,353.38,372.94,330395,372.29
208.26,223.04999999999998,196.60999999999999,217.09,406369,209.97
132.49,145.4,128.76000000000002,140.12,756763,140.09
497.03,500.15,493.27,497.33,305463,495.41
162.48,173.42,158.79999999999998,167.97,269708,163.68
495.37,497.12,494.23,496.61,897271,496.05
490.91,498.46000000000004,479.15000000000003,491.96000000000004,859994,492.43
417.53,425.79999999999995,400.71999999999997,409.82,278901,409.95
363.77,364.57,363.41999999999996,356.28999999999996,240302,364.11
331.12,336.6,330.14,331.71,676265,334.02
446.44,465.55,434.98,441.82,533448,447.2
215.78,234.85,199.39,206.2,999482,211.88
287.07,294.12,280.54,291.53,594523,288.28
347.76,348.62,340.77,338.40999999999997,325864,343.04
264.48,268.06,252.55,266.39000000000004,649939,264.43
270.99,278.83,265.51,271.77,722207,270.82
232.11,251.07000000000002,231.58,241.49,402107,239.78
325.69,328.51,310.99,325.37,811232,321.57
440.23,455.5,427.72,431.5,742064,440.35
180.61,182.78,168.99,181.64000000000001,965630,175.75
473.77,493.4,458.94,480.59,244811,480.22
375.64,383.27,362.14,385.58,230697,377.94
429.31,444.81,425.19,427.92,949726,428.86
322.48,329.33000000000004,315.43,318.89000000000004,279428,320.06
411.81,424.36,409.29,419.94,626077,419.29
106.48,110.32000000000001,103.88000000000001,100.30000000000001,975729,107.98
427.35,430.27000000000004,413.83000000000004,429.66,861262,422.44
116.06,134.82,98.89,114.17,361413,110.14
455.97,474.32000000000005,436.72,446.79,268678,449.41
496.79,514.54,484.22,493.74,531856,499.38
217.63,230.14,213.95,212.93,668423,214.81
184.13,200.3,182.01999999999998,187.85,137067,192.83
406.15,407.53,389.89,415.13,903789,407.71
201.21,207.91,189.63,196.57000000000002,270923,198.27
446.22,452.49,433.85,452.45000000000005,400406,445.63
141.14,153.85,125.50999999999999,132.25,617961,136.82
150.38,157.5,136.31,151.14,307925,149.82
491.66,494.63000000000005,474.97,483.07000000000005,945075,485.02
369.54,381.47,368.42,378.22,514750,379.73
438.75,455.04,423.8,444.08,977702,440.76
229.73,237.36999999999998,212.70999999999998,232.89,594649,225.58
370.59,373.23999999999995,364.86999999999995,377.07,263944,369.31
337.7,341.63,324.89,340.65,598953,332.86
341.26,346.01,334.98,350.64,693391,344.95
373.01,379.01,353.84999999999997,377.28999999999996,972700,370.31
330.14,343.0,329.46999999999997,338.63,710598,337.26
271.62,283.64,260.02,271.96,581947,270.81
210.37,224.29,207.04,202.71,609085,208.26
407.43,414.68,393.19,407.99,661700,406.79
190.51,206.98999999999998,186.98999999999998,183.04999999999998,409878,186.49
376.94,381.02,372.23,378.79,602850,375.89
193.33,202.71,183.44,192.98000000000002,449937,194.61
350.13,366.15,331.83,352.58,825290,348.62
398.83,402.43,394.59999999999997,389.03,595054,395.5
187.49,189.69,184.61,181.39000000000001,122228,183.25
123.98,141.65,108.80000000000001,123.81,220627,123.75
152.39,159.25,142.38,161.39999999999998,440068,156.2
342.4,356.08,324.15999999999997,340.07,635607,337.54
439.78,440.28999999999996,436.84999999999997,438.27,106475,439.94
118.0,131.8,105.08,122.29,852451,120.07
393.66,399.98,389.0,395.74,770088,397.5
236.53,237.64000000000001,233.39000000000001,232.51,341382,234.73
291.41,303.61,277.74,289.63000000000005,915977,288.12
471.54,476.36,459.67,465.89000000000004,458780,470.62
232.79,240.53,217.69,242.10999999999999,616187,232.34
286.13,287.74,279.94,278.74,853772,281.35
105.47,108.41,96.50999999999999,102.91,817116,104.55
132.64,138.6,124.52999999999999,123.15999999999998,824135,124.44
203.44,205.24,183.76,197.88,531915,198.73
111.14,129.36,105.3,116.75,530037,114.8
352.55,352.67,346.65000000000003,346.57,392759,347.51
270.56,280.24,263.47,262.16,900178,268.55
319.26,321.71999999999997,307.96999999999997,318.75,579673,316.32
169.86,176.01000000000002,164.81,160.06,778105,167.85
218.37,236.89000000000001,200.06,210.07,363389,211.91
365.53,368.76,360.21999999999997,371.67999999999995,217408,368.82
486.12,505.44,468.2,491.55,736431,490.33
120.17,124.29,118.10000000000001,128.47,389776,126.16
456.15,470.97999999999996,443.02,463.23999999999995,899288,456.32
330.75,341.68,312.61,334.41,287965,327.11
325.57,343.26,322.2,316.62,332298,325.6
300.11,311.19,280.74,305.77000000000004,692337,297.17
127.76,138.45000000000002,118.7,134.67000000000002,944614,127.41
135.95,139.85999999999999,117.03999999999999,141.92999999999998,853241,133.07
340.36,343.68,326.82,340.53000000000003,834791,337.83
236.38,254.70999999999998,230.35,231.04,795109,243.53
466.91,473.47,463.14000000000004,473.82000000000005,304829,471.61
262.64,270.08,256.57,267.18,417798,268.37
157.31,172.51,155.45,166.93,302646,165.07
385.89,392.66999999999996,383.01,379.0,590783,385.42
217.34,236.38,215.25,211.85,941813,219.94
310.19,324.95,301.73,304.43,158601,315.14
379.13,391.08,363.21999999999997,384.98,246154,378.91
460.11,477.73,457.28000000000003,453.85,770008,460.94
416.88,417.87,414.27,408.21,886796,414.52
370.54,375.68,357.67,380.51000000000005,265640,372.62
371.85,381.15000000000003,367.91,362.35,564710,368.81
478.37,482.91,476.42,485.07,829992,483.75
218.33,233.21,214.99,215.64000000000001,369580,220.63
100.44,118.82,81.97,107.27,448857,103.05
208.78,217.26,192.35,209.87,946626,207.29
187.16,194.0,180.07999999999998,195.19,124544,186.83
364.73,383.96000000000004,351.61,373.25,163295,366.78
353.48,362.38,342.73,343.66,505854,351.17
337.38,347.15999999999997,323.84,328.89,821075,331.5
106.5,113.53,92.85,101.51,169409,102.25
391.51,409.7,378.94,394.9,874008,397.78
229.41,240.79,224.09,237.18,621998,234.16
366.02,381.26,365.24,365.21999999999997,751127,369.62
322.63,338.87,313.52,324.77,475903,327.42
237.09,243.93,219.27,230.86,379301,230.11
153.83,162.5,142.44,159.93,276637,157.86
137.77,154.74,121.12,147.12,825356,143.36
432.61,439.88,412.78000000000003,427.98,690176,430.65
467.36,483.24,464.09000000000003,467.26,287167,469.72
359.92,378.74,346.08000000000004,351.64000000000004,951379,360.84
141.37,153.83,127.88000000000001,142.55,580338,142.64
260.81,275.64,241.21,260.87,957312,256.75
391.58,407.68,371.87,384.46999999999997,104507,382.46
411.93,428.83,398.2,410.77,989566,410.82
147.29,155.19,142.42,143.97,143988,147.46
100.01,101.04,84.04,100.45,460565,96.58
384.85,392.89000000000004,382.71000000000004,386.56,772225,387.19
242.64,256.12,227.02999999999997,232.80999999999997,464735,237.97
201.79,210.79999999999998,183.59,207.01,491758,200.87
105.16,120.14,97.5,109.42,127213,111.12
316.12,323.26,303.51,313.45,157450,310.54
440.46,453.15,431.85999999999996,431.52,497693,438.65
483.05,486.78000000000003,474.29,488.15000000000003,686510,481.94
326.3,341.29,320.09000000000003,335.40000000000003,618728,330.76
305.78,316.69,290.53999999999996,300.58,778756,304.75
134.02,138.10000000000002,115.30000000000001,130.49,112755,126.25
319.55,325.39,300.73,313.23,756225,312.85
251.99,266.96000000000004,248.49,253.53,242245,259.96
342.85,352.5,325.36,335.95000000000005,289977,339.41
255.49,259.81,240.74,252.61,269169,250.3
196.12,215.47,191.06,200.06,395515,201.24
137.99,152.29000000000002,136.64000000000001,139.19,335132,139.9
225.97,245.11,220.60999999999999,223.7,504470,231.8
138.66,147.2,120.42,137.06,235090,137.13
170.76,180.26,158.1,172.0,891624,171.68
494.93,512.89,480.51,485.05,888447,493.63
277.64,288.14,272.5,269.21,994586,274.33
312.75,326.9,298.36,320.38,824276,312.63
449.45,454.49,448.89,441.01,652631,448.54
498.23,507.16,490.72,502.37,955738,502.09
333.09,335.56,320.54999999999995,341.48999999999995,105829,336.64
424.99,429.11,422.07,420.40000000000003,658669,423.11
230.78,230.8,214.32,228.19,997883,224.12
222.3,223.09,217.60000000000002,223.68,312153,221.2
261.08,280.63,248.02999999999997,268.71,380407,267.42
369.0,373.85,360.9,377.84,859036,371.0
372.88,386.15,360.96,377.67,546476,375.1
226.1,242.88,223.95,217.82999999999998,584427,228.84
153.28,164.29,152.94,156.66,420562,156.58
352.96,356.02,334.77,351.16999999999996,846258,350.49
151.33,165.89000000000001,145.94000000000003,150.74,624436,155.11
331.4,343.40999999999997,315.01,322.38,913177,322.76
377.37,392.0,357.38,371.19,697202,372.26
380.24,395.63,376.01,386.05,605111,381.86
401.39,420.9,396.09,400.46999999999997,160653,404.89
449.14,460.61,435.88,445.16999999999996,847895,446.02
299.98,306.81,280.67,297.66,292593,296.98
392.1,405.07000000000005,373.78000000000003,399.19,440459,391.57
347.67,349.04,337.61,352.65000000000003,393219,347.83
174.66,192.60999999999999,158.76,170.10999999999999,109795,174.59
110.28,112.67,107.57000000000001,102.63,688843,107.64
213.82,220.38,194.26999999999998,208.85999999999999,335068,210.22
277.21,293.52,257.91999999999996,285.63,562970,283.82
346.84,358.78999999999996,343.57,348.46999999999997,727395,350.32
439.98,447.85,433.99,440.65000000000003,413673,441.62
178.5,187.97,176.5,180.43,547454,179.75
150.22,167.31,144.79,147.54,851938,150.61
485.39,492.19,469.07,491.53,267022,487.06
143.22,160.61,135.65,143.69,111009,148.16
291.4,293.15999999999997,289.63,283.72999999999996,278168,286.27
334.23,349.77000000000004,327.39000000000004,326.81,774904,331.26
316.55,333.5,296.92,317.29,653669,314.74
134.41,138.04999999999998,121.82,143.14,489913,134.93
122.81,131.42000000000002,114.49000000000001,118.98,426754,120.55
142.19,145.5,138.85999999999999,149.57999999999998,168122,145.46
334.24,348.37,314.52,339.52,430328,336.51
317.74,328.45,301.32,312.7,533297,314.94
193.5,206.21,187.87,184.23,314709,192.99
355.11,359.04,353.71000000000004,347.15000000000003,711516,347.78
428.03,432.26,426.9,432.59999999999997,959375,427.56
116.63,117.46,114.22,110.61999999999999,705058,112.16
299.25,305.69,287.63,296.68,152726,295.41
375.72,386.91,357.14000000000004,375.75,515427,375.19
200.92,218.07999999999998,190.98999999999998,205.42999999999998,934212,203.14
223.11,236.45000000000002,206.25,215.37,288210,220.29
345.46,354.16999999999996,336.53999999999996,343.59,845742,343.08
459.17,478.23,445.0,458.87,404647,458.12
423.97,438.35,409.33000000000004,424.79,944325,421.91
333.25,351.85,329.77,339.62,277265,344.85
392.09,402.64,384.86999999999995,385.52,869362,388.85
245.93,251.11,233.18,252.09,620759,247.5
356.39,357.45,354.97999999999996,360.25,947790,354.71
286.47,300.99,279.24,287.59000000000003,180857,291.94
175.97,178.4,165.27,179.96,482601,175.78
380.7,386.76,360.78,378.94,359405,376.39
322.59,333.23999999999995,313.09999999999997,315.35999999999996,290128,320.87
243.45,254.73999999999998,227.13,246.76999999999998,742216,244.32
464.54,476.55,455.90000000000003,465.03000000000003,682994,467.37
108.37,111.7,92.44,111.16000000000001,444950,104.51
226.31,233.9,214.4,223.07,679294,222.4
122.75,135.09,105.02,130.89,711526,124.49
406.61,426.01,398.39,408.36,348018,412.03
380.84,395.39,368.75,372.54999999999995,563134,378.13
232.54,250.98999999999998,219.94,231.54,818515,235.44
370.27,385.51,361.91999999999996,375.4,932230,375.62
258.37,270.2,255.48000000000002,264.25,177271,262.97
402.5,406.34,400.63,402.39,916609,399.55
281.67,295.0,281.34000000000003,289.56,589464,287.72
264.91,277.38000000000005,247.44000000000003,260.26000000000005,490166,265.04
473.89,485.94,469.15999999999997,472.09999999999997,615631,476.05
200.35,210.15,196.12,208.32,444359,203.93
148.18,158.75,133.46,156.11,143013,150.61
333.82,340.51,327.42,337.53,706888,336.74
487.73,498.12,477.61,494.91,458243,489.4
251.14,255.08999999999997,247.89,242.92,415594,250.53
124.81,140.91,105.62,132.11,541144,127.79
235.72,239.44,218.69,232.13,484784,228.09
302.37,304.07,285.09000000000003,295.94,978835,296.84
164.77,173.49,156.63,159.56,538598,162.04
363.24,376.41,347.99,361.6,723578,361.6
499.1,507.85,496.22,494.12,316110,496.84
280.7,286.24,280.53,277.11,231832,282.14
241.89,253.04999999999998,241.48999999999998,234.58999999999997,124142,241.9
260.28,267.21999999999997,248.54999999999998,256.2,472333,258.56
146.06,164.72,136.95,147.51,993964,148.4
453.31,471.76,442.95,452.15,231436,453.94
265.93,275.98,265.78000000000003,262.86,943353,266.18
254.91,261.46999999999997,246.46,259.84,381941,257.11
363.88,378.62,349.52,371.75,337403,365.78
276.81,277.54,267.96,281.95,656823,276.02
359.29,368.79,344.65000000000003,355.93,408444,355.37
124.58,131.31,119.92,129.47,933608,128.04
425.49,443.90000000000003,409.23,418.53000000000003,116105,419.88
476.2,476.44,464.43,468.81,763299,470.28
359.51,370.57,355.28999999999996,356.42,703760,363.79
481.83,496.64,477.09999999999997,487.97999999999996,797389,489.79
160.57,170.26999999999998,148.01,155.5,771223,156.45
290.97,292.68,274.37,282.24,178097,284.0
340.72,360.17,332.41,333.35,361674,341.72
332.69,343.05,327.52,339.86,241519,340.05
260.58,272.85999999999996,243.23999999999998,263.26,720448,255.11
235.23,239.95999999999998,221.83999999999997,230.29,146940,232.88
150.73,160.39999999999998,141.76999999999998,151.84,833307,150.85
256.7,265.28,246.94,257.25,185001,255.08
165.06,166.56,160.97,168.17000000000002,859112,163.98
393.75,395.87,381.21,388.41,775002,385.89
183.53,200.28,176.36,190.82,852158,188.09
123.43,128.23000000000002,103.52000000000001,119.62,851259,115.21
320.95,324.84999999999997,311.34999999999997,324.83,298715,321.15
338.09,348.19,328.36999999999995,328.40999999999997,107928,335.51
448.77,464.14,437.45,446.21999999999997,672290,448.45
330.79,332.03000000000003,312.45000000000005,327.82,446997,327.47
238.19,249.73,222.17,239.06,738902,236.1
421.2,423.58,412.18,412.65,217517,415.17
316.11,316.84000000000003,301.74,321.91,256089,313.39
131.71,132.76000000000002,119.99000000000001,126.07000000000001,179064,127.45
326.34,343.02,316.48999999999995,329.88,506529,331.2
463.21,465.57,459.35999999999996,469.27,494775,466.18
258.53,259.42999999999995,249.24999999999997,259.77,150893,256.26
218.53,227.29,213.61,223.35,377311,218.93
157.39,174.26999999999998,139.08999999999997,160.63,662886,157.62
160.58,165.83,153.87,157.69000000000003,238595,161.94
273.11,281.54,254.06,279.29,936209,274.42
338.27,339.07,327.60999999999996,334.15999999999997,521655,334.26
132.25,141.23,119.62,133.67,478522,130.95
475.83,487.38,464.96999999999997,480.74,181060,477.97
402.05,413.47,399.46000000000004,399.63,899717,402.97
334.65,341.29999999999995,327.13,330.71,504189,335.2
431.38,437.69,429.4,430.57,485114,430.68
132.07,134.2,119.60999999999999,138.43,646982,133.36
290.74,298.08,281.8,299.34000000000003,361401,292.64
352.04,354.03000000000003,336.48,352.94,871136,350.97
431.46,446.78999999999996,427.04999999999995,434.69,777751,436.88
413.39,432.71999999999997,410.09999999999997,421.46,891043,419.93
210.83,230.23000000000002,202.70000000000002,202.8,633660,210.38
476.35,493.65000000000003,457.82000000000005,470.99,255384,475.26
149.74,161.76000000000002,135.53,153.92000000000002,245152,149.76
450.05,464.07,441.67,456.52000000000004,967050,454.37
488.38,494.08,478.03,495.52,737233,488.82
170.86,183.48000000000002,169.18,169.16000000000003,994829,176.98
388.83,397.94,369.14,380.62,720501,386.23
116.11,125.75,102.78,114.87,120874,117.43
262.17,277.33000000000004,256.46000000000004,256.78000000000003,555753,262.6
306.51,312.15,294.78999999999996,302.33,829274,302.21
332.26,338.62,330.07,337.71,494813,334.13
474.37,492.86,455.05,465.88,635888,473.8
368.9,370.02,365.4,375.45,965847,372.67
292.51,302.21999999999997,279.55,291.06,872718,292.91
423.87,442.13,418.96,425.79,571769,428.14
480.21,492.41999999999996,465.85999999999996,472.0,780175,472.77
108.83,119.75999999999999,93.28999999999999,105.58,839860,103.09
493.01,498.0,479.53999999999996,484.8,718636,487.3
134.45,141.32,122.16,143.67999999999998,205736,135.47
425.75,442.79,407.9,431.9,911146,426.69
212.13,223.31,210.56,211.32,512106,215.38
152.87,163.16,146.25,147.34,555040,153.79
275.94,277.93,270.96999999999997,284.61,235797,277.11
357.58,357.9,337.82,354.46999999999997,536421,347.89
252.38,271.65,244.59,245.6,776044,251.76
121.83,129.37,107.17999999999999,123.09,585077,118.11
339.78,351.84,326.09,348.65999999999997,735861,344.03
460.96,462.54999999999995,456.71999999999997,451.03999999999996,375236,456.19
253.29,266.95,248.51,248.04999999999998,458062,257.62
186.53,205.18,180.9,195.3,125457,195.41
277.03,288.53999999999996,268.80999999999995,270.45,958099,279.01
119.35,121.86999999999999,114.66,111.61,452895,112.8
428.2,439.83,427.81,429.59999999999997,162894,425.63
430.54,445.87,412.95000000000005,437.78000000000003,685593,433.24
335.2,343.33,315.89,334.74,767972,331.91
241.24,258.84000000000003,234.41,251.13,858201,248.18
419.91,432.88000000000005,413.14000000000004,423.49,309699,423.39
321.87,339.85,321.73,313.35,938569,321.57
430.37,442.84000000000003,416.76,440.23,100559,435.1
352.58,355.21,336.07,350.74,952681,349.15
413.76,419.95,410.83,409.51,137361,410.64
339.43,343.47,336.24,340.59000000000003,967152,339.44
265.66,283.84000000000003,249.86,261.75,901693,264.23
483.18,498.39,470.85,474.91,906804,479.39
316.45,329.97999999999996,315.55,306.47999999999996,417499,313.93
342.04,348.06,329.59000000000003,341.03000000000003,853036,339.73
188.2,191.88,182.01999999999998,194.94,460704,190.67
350.26,365.39,342.89,351.71,813280,351.95
328.64,338.12,313.25,338.62,343950,328.68
173.94,178.46,157.72,169.68,525760,169.55
123.83,136.16,115.82,119.44,100037,121.84
341.74,342.55,322.8,334.93,798392,332.96
405.48,412.0,397.35,398.76,571449,401.44
309.36,318.73,293.92,305.06,403564,308.31
190.71,193.67000000000002,181.03,196.57000000000002,607450,189.6
366.61,386.3,348.66,374.73,721531,373.83
132.04,136.22,113.88,141.54,753668,133.15
276.73,279.34000000000003,274.98,271.38,358430,278.49
165.35,169.42,146.62,172.98,658888,165.33
173.78,189.16,157.27,170.35,803645,171.63
180.92,189.42999999999998,165.08999999999997,173.17999999999998,817368,173.79
254.68,265.99,250.66,262.08,975952,259.12
120.46,120.88,104.35999999999999,123.17999999999999,891599,119.82
259.12,259.81,242.12,252.41,357351,251.45
304.68,313.6,298.90000000000003,303.28000000000003,624720,306.38
293.32,309.65,274.27,289.07,885838,291.22
253.11,270.81,252.11,257.85,693975,260.52
435.66,437.39000000000004,432.66,434.73,868576,435.48
158.13,168.9,147.38,167.92,958379,163.04
302.28,320.53999999999996,290.76,293.36999999999995,982756,299.11
124.82,132.57999999999998,111.91999999999999,121.91999999999999,937335,121.57
128.46,145.05,128.12,128.1,585375,133.81
329.55,332.22,310.34000000000003,329.61,285221,324.94
326.41,345.12,325.52000000000004,322.73,843000,329.36
451.21,466.23999999999995,448.34999999999997,455.78999999999996,287840,457.53
323.15,341.97999999999996,322.87,330.64,553400,330.17
483.92,497.45,472.58000000000004,492.69,952224,485.64
119.48,126.75,100.83000000000001,125.58,395583,119.1
139.2,157.95999999999998,125.88,146.20999999999998,264329,141.24
117.63,123.14,101.17999999999999,118.64,275746,115.31
174.11,180.75,173.84,180.63000000000002,413392,174.72
316.51,330.53,305.67,312.58,576818,314.44
358.23,373.54,349.04,356.20000000000005,800731,358.6
118.23,136.82,108.25,114.57000000000001,853642,116.14
478.39,482.49,476.95,477.74,561212,478.18
436.87,452.83,423.18,432.58,792657,438.21
218.64,233.41,208.57999999999998,227.86999999999998,554472,221.2
130.88,132.16,115.58,127.14,659031,124.49
167.95,175.69,158.23999999999998,159.91,299824,167.55
150.78,156.44,147.79,151.32,704091,149.67
149.31,155.4,136.34,140.45,961549,146.5
307.42,327.08000000000004,303.97,299.63,301123,308.61
198.34,211.2,180.89000000000001,192.73,122076,194.92
243.26,257.61,231.0,242.54999999999998,341424,246.19
495.8,515.33,492.66,494.47,306384,499.21
373.73,381.27000000000004,354.48,379.72,350699,373.88
479.59,495.63,469.21999999999997,484.38,973915,484.98
157.02,165.71,155.56,155.55,758323,157.3
252.86,270.25,240.32000000000002,249.53,481361,251.46
321.89,325.5,316.83,318.21999999999997,244938,319.53
130.7,149.64999999999998,114.63,136.17999999999998,990936,133.36
101.67,106.05,85.31,92.71000000000001,263377,92.33
368.17,374.69,348.59000000000003,358.43,313968,359.07
356.73,371.85,346.69,362.64000000000004,992081,353.68
264.32,272.2,255.22,263.86,488388,263.1
295.86,308.02000000000004,280.79,288.48,394957,293.82
266.18,275.07,263.53000000000003,260.89,953161,262.6
109.6,124.44999999999999,98.66,118.25,890944,113.31
234.15,238.72,223.23000000000002,241.34,350703,240.01
170.83,172.0,169.04000000000002,175.03,515882,172.28
139.37,145.37,131.01,139.01,247702,141.23
482.69,492.18,465.62,483.1,217907,478.56
339.74,343.1,322.62,349.24,305591,340.31
391.46,398.56,389.47999999999996,400.78,493852,394.36
226.15,234.15,224.34,220.46,688879,226.53
257.26,258.40999999999997,252.01,263.48,623869,260.2
194.77,206.44,177.27,188.71,309633,191.81
138.79,156.48,136.20999999999998,133.06,568032,140.34
171.61,174.64000000000001,157.21,175.13000000000002,857847,170.16
419.01,430.96999999999997,416.99,417.11,897783,421.8
371.02,384.31,358.56,379.65,744821,376.05
318.77,327.15999999999997,311.65,310.54999999999995,727915,315.62
290.04,304.06,274.26000000000005,290.27000000000004,548400,291.47
468.97,477.18,464.3,477.34000000000003,228381,476.25
129.09,139.18,116.31,137.17000000000002,866552,130.88
212.24,212.39000000000001,207.53,205.37,457851,208.22
239.98,253.81,225.70999999999998,237.31,443822,236.97
412.97,426.20000000000005,395.5,415.35,697597,413.33
497.01,497.78,494.46999999999997,490.2,849362,494.45
196.27,203.64000000000001,178.94,205.63,897210,197.14
449.72,469.3,437.85,458.01000000000005,767861,455.62
432.25,440.66,429.71,425.59,999145,435.19
189.86,199.9,181.31,182.28,588121,181.5
259.73,277.93,256.51,251.44000000000003,136382,259.91
263.87,278.22,249.86,272.06,846714,266.56
491.29,502.93,476.11,485.16,962219,490.69
172.36,188.32000000000002,170.24,170.69000000000003,123341,176.79
419.66,436.95000000000005,409.54,418.64000000000004,769727,422.4
233.68,242.82,217.39000000000001,235.66,326280,234.85
392.35,401.85,373.63,383.78000000000003,755354,385.8
268.0,275.72,257.73,262.54,300940,266.36
331.34,350.66999999999996,312.33,339.96999999999997,505218,333.83
433.04,446.98,422.33000000000004,441.21000000000004,883540,435.17
421.67,423.33000000000004,413.79,427.3,710108,425.64
446.57,463.83,429.61,436.96,159949,443.55
123.85,133.45999999999998,113.99,120.39,508916,123.68
376.82,378.2,367.38,379.38,834665,373.27
155.99,166.98000000000002,146.18,151.49,686831,155.56
266.33,274.66999999999996,249.39,274.52,583075,270.58
319.44,336.99,302.8,322.12,914042,320.23
261.1,265.18,253.03000000000003,252.54000000000002,886166,253.97
307.84,324.37,301.16999999999996,316.02,612472,314.44
498.61,509.76,488.77000000000004,507.77000000000004,828734,500.6
154.09,155.18,142.63,145.64000000000001,427370,144.48
370.18,389.62,365.41,370.83,931599,373.37
258.4,268.65,242.51999999999998,254.46999999999997,308851,254.15
153.2,159.01999999999998,143.47,151.06,259011,149.2
163.49,172.88,156.81,157.08,554581,164.39
479.71,496.87,477.57,481.27,167381,488.62
451.84,457.94,447.06,461.0,933142,457.14
462.82,466.67,443.83,462.88,378910,459.07
496.61,499.19,490.51,488.27000000000004,202416,491.93
183.33,189.29000000000002,179.95000000000002,185.73000000000002,637068,183.27
